{"cameraMode":{"drawMode":0,"name":"Shaded","section":"Shading Mode"},"sceneLighting":true,"audioPlay":false,"sceneViewState":{"m_AlwaysRefresh":false,"showFog":true,"showSkybox":true,"showFlares":true,"showImageEffects":true,"showParticleSystems":true,"showVisualEffectGraphs":true,"m_FxEnabled":true},"in2DMode":false,"pivot":{"x":0.8114162087440491,"y":15.429051399230957,"z":2.742119073867798},"rotation":{"x":-0.13217352330684663,"y":0.6377962827682495,"z":-0.11228882521390915,"w":-0.7504487633705139},"size":17.925674438476564,"orthographic":true}