{"cameraMode":{"drawMode":0,"name":"Shaded","section":"Shading Mode"},"sceneLighting":true,"audioPlay":false,"sceneViewState":{"m_AlwaysRefresh":false,"showFog":true,"showSkybox":true,"showFlares":true,"showImageEffects":true,"showParticleSystems":true,"showVisualEffectGraphs":true,"m_FxEnabled":true},"in2DMode":false,"pivot":{"x":4.540445804595947,"y":17.895864486694337,"z":-20.057809829711915},"rotation":{"x":0.12232580035924912,"y":-0.07644376158714295,"z":0.009450356476008892,"w":0.9894980788230896},"size":7.547859191894531,"orthographic":true}