{"cameraMode":{"drawMode":0,"name":"Shaded","section":"Shading Mode"},"sceneLighting":true,"audioPlay":false,"sceneViewState":{"m_AlwaysRefresh":false,"showFog":true,"showSkybox":true,"showFlares":true,"showImageEffects":true,"showParticleSystems":true,"showVisualEffectGraphs":true,"m_FxEnabled":true},"in2DMode":false,"pivot":{"x":4.935898303985596,"y":-5.836051940917969,"z":9.735408782958985},"rotation":{"x":0.38296279311180117,"y":-0.0005559322889894247,"z":0.00023069113376550376,"w":0.9237682223320007},"size":13.551464080810547,"orthographic":true}