{"cameraMode":{"drawMode":0,"name":"Shaded","section":"Shading Mode"},"sceneLighting":true,"audioPlay":false,"sceneViewState":{"m_AlwaysRefresh":false,"showFog":true,"showSkybox":true,"showFlares":true,"showImageEffects":true,"showParticleSystems":true,"showVisualEffectGraphs":true,"m_FxEnabled":true},"in2DMode":false,"pivot":{"x":1.0859659910202027,"y":16.09246253967285,"z":-6.590647220611572},"rotation":{"x":0.2794044017791748,"y":0.04548923298716545,"z":-0.013253051787614823,"w":0.9590075016021729},"size":7.5903167724609379,"orthographic":true}